{
  "mae": 0.007805984989843211,
  "rmse": 0.16515980944177772,
  "r2": 0.9999997929883321,
  "rows": 271888
}